00:00,279.
00:01,279.
00:02,279.
00:03,279.
00:04,279.306
00:05,280.
00:06,280.
00:07,280.904
00:08,281.
00:09,281.
00:10,281.735
00:11,282.
00:12,282.
00:13,282.
00:14,282.596
00:15,283.
00:16,283.
00:17,283.
00:18,283.
00:19,283.
00:20,283.368
00:21,283.935
00:22,284.
00:23,284.
00:24,284.
00:25,284.
00:26,284.
00:27,284.
00:28,284.
00:29,284.
00:30,284.
00:31,284.
00:32,284.151
00:33,284.932
00:34,284.945
00:35,285.
00:36,285.
00:37,285.
00:38,285.
00:39,285.
00:40,285.
00:41,285.
00:42,285.
00:43,285.
00:44,285.
00:45,285.
00:46,285.
00:47,285.
00:48,285.
00:49,285.
00:50,285.
00:51,285.
00:52,285.
00:53,285.
00:54,285.
00:55,285.
00:56,285.
00:57,285.
00:58,285.
00:59,285.
01:00,285.
01:01,285.
01:02,285.
01:03,285.
01:04,285.
01:05,285.
01:06,285.
01:07,285.
01:08,285.
01:09,285.
01:10,285.
01:11,285.
01:12,285.
01:13,285.
01:14,285.
01:15,285.
01:16,285.
01:17,285.
01:18,285.
01:19,285.
01:20,285.
01:21,285.
01:22,285.
01:23,285.
01:24,285.
01:25,285.
01:26,285.
01:27,285.
01:28,285.
01:29,285.
01:30,285.
01:31,285.
01:32,285.
01:33,285.
01:34,285.
01:35,285.
01:36,285.
01:37,285.
01:38,285.
01:39,285.
01:40,285.
01:41,285.
01:42,285.
01:43,285.
01:44,285.
01:45,285.
01:46,285.
01:47,285.
01:48,285.
01:49,285.
01:50,285.
01:51,285.
01:52,285.
01:53,285.
01:54,285.
01:55,285.
01:56,285.
01:57,285.
01:58,285.
01:59,285.
02:00,285.
02:01,285.
02:02,285.
02:03,285.
02:04,285.
02:05,285.
02:06,285.
02:07,285.
02:08,285.
02:09,284.993
02:10,284.958
02:11,284.876
02:12,284.827
02:13,284.694
02:14,284.506
02:15,284.284
02:16,284.081
02:17,284.053
02:18,284.007
02:19,284.001
02:20,284.
02:21,284.
02:22,284.
02:23,284.
02:24,284.
02:25,284.
02:26,284.
02:27,284.
02:28,284.
02:29,284.
02:30,284.
02:31,284.064
02:32,284.996
02:33,285.
02:34,285.
02:35,285.
02:36,285.
02:37,285.
02:38,285.
02:39,285.
02:40,285.
02:41,285.
02:42,285.
02:43,285.
02:44,285.
02:45,285.
02:46,285.
02:47,285.
02:48,285.
02:49,285.
02:50,285.
02:51,285.
02:52,285.
02:53,285.
02:54,285.
02:55,285.
02:56,285.
02:57,285.
02:58,285.
02:59,285.
03:00,285.
03:01,285.
03:02,285.
03:03,284.938
03:04,284.51
03:05,284.075
03:06,284.021
03:07,284.
03:08,284.
03:09,284.
03:10,284.
03:11,284.
03:12,284.
03:13,284.
03:14,284.
03:15,284.
03:16,284.
03:17,284.
03:18,284.197
03:19,285.
03:20,285.
03:21,285.
03:22,285.
03:23,285.
03:24,285.
03:25,285.
03:26,285.
03:27,285.
03:28,285.
03:29,285.
03:30,285.
03:31,285.
03:32,285.
03:33,285.
03:34,285.
03:35,285.
03:36,285.
03:37,285.
03:38,285.
03:39,285.
03:40,285.
03:41,285.
03:42,285.
03:43,285.
03:44,285.
03:45,285.
03:46,285.
03:47,285.
03:48,285.
03:49,285.
03:50,285.
03:51,284.999
03:52,284.06
03:53,284.
03:54,284.
03:55,283.956
03:56,283.
03:57,283.
03:58,283.
03:59,283.
04:00,283.
04:01,283.
04:02,283.
04:03,283.
04:04,283.
04:05,283.
04:06,283.
04:07,283.
04:08,283.
04:09,283.
04:10,283.
04:11,283.
04:12,283.
04:13,283.
04:14,283.
04:15,283.707
04:16,283.968
04:17,284.
04:18,284.
04:19,284.
04:20,284.
04:21,284.
04:22,284.
04:23,284.
04:24,284.
04:25,284.
04:26,284.
04:27,284.
04:28,284.181
04:29,284.683
04:30,284.982
04:31,285.
04:32,285.
04:33,285.
04:34,285.
04:35,285.
04:36,285.
04:37,285.
04:38,285.
04:39,285.
04:40,285.
04:41,285.
04:42,285.
04:43,285.
04:44,285.
04:45,285.
04:46,285.
04:47,285.
04:48,285.
04:49,285.
04:50,285.
04:51,285.
04:52,285.
04:53,285.
04:54,285.
04:55,285.
04:56,285.
04:57,285.
04:58,285.
04:59,285.
05:00,285.
05:01,285.
05:02,285.
05:03,285.
05:04,285.
05:05,285.
05:06,285.
05:07,285.
05:08,285.
05:09,285.
05:10,285.
05:11,285.
05:12,285.
05:13,285.
05:14,285.
05:15,285.
05:16,285.
05:17,285.
05:18,285.
05:19,285.
05:20,285.
05:21,285.
05:22,285.
05:23,285.
05:24,285.
05:25,285.
05:26,285.
05:27,285.
05:28,285.
05:29,285.
05:30,285.
05:31,285.
05:32,285.
05:33,285.
05:34,285.
05:35,285.
05:36,285.
05:37,284.999
05:38,285.
05:39,284.975
05:40,284.224
05:41,284.022
05:42,284.
05:43,284.
05:44,284.
05:45,284.
05:46,284.518
05:47,285.
05:48,285.
05:49,285.
05:50,285.
05:51,285.
05:52,285.
05:53,285.
05:54,285.
05:55,285.
05:56,285.
05:57,285.
05:58,285.
05:59,285.
06:00,285.
06:01,285.
06:02,285.
06:03,285.
06:04,285.
06:05,285.
06:06,285.
06:07,285.
06:08,285.
06:09,285.
06:10,285.
06:11,285.
06:12,285.
06:13,285.
06:14,285.
06:15,285.
06:16,285.
06:17,285.
06:18,285.
06:19,285.
06:20,285.
06:21,285.
06:22,285.
06:23,285.
06:24,285.
06:25,285.
06:26,285.
06:27,285.
06:28,285.
06:29,285.
06:30,285.
06:31,285.
06:32,285.
06:33,285.
06:34,285.
06:35,285.
06:36,285.
06:37,285.
06:38,285.
06:39,285.
06:40,285.
06:41,285.
06:42,285.
06:43,285.
06:44,285.
06:45,285.
06:46,285.
06:47,285.
06:48,285.
06:49,285.
06:50,285.
06:51,285.
06:52,285.
06:53,285.
06:54,285.
06:55,285.
06:56,285.
06:57,285.
06:58,285.
06:59,285.
07:00,285.
07:01,285.
07:02,285.
07:03,285.
07:04,285.
07:05,285.
07:06,285.
07:07,285.
07:08,285.
07:09,285.
07:10,285.
07:11,285.
07:12,285.
07:13,285.
07:14,285.
07:15,285.
07:16,285.
07:17,285.
07:18,285.
07:19,285.
07:20,285.
07:21,285.
07:22,285.
07:23,285.
07:24,285.
07:25,285.
07:26,285.
07:27,285.
07:28,285.
07:29,285.
07:30,285.
07:31,285.
07:32,285.
07:33,285.
07:34,285.
07:35,285.
07:36,285.
07:37,285.
07:38,285.
07:39,285.
07:40,285.
07:41,285.
07:42,285.
07:43,285.
07:44,285.
07:45,285.
07:46,285.
07:47,285.
07:48,285.
07:49,285.
07:50,285.
07:51,285.
07:52,285.
07:53,285.
07:54,285.
07:55,285.
07:56,285.
07:57,285.
07:58,285.
07:59,285.
08:00,285.
08:01,285.
08:02,285.
08:03,285.
08:04,285.
08:05,285.
08:06,285.
08:07,285.
08:08,285.
08:09,285.
08:10,285.
08:11,285.
08:12,285.
08:13,285.
08:14,285.
08:15,285.
08:16,285.
08:17,285.
08:18,285.
08:19,285.
08:20,285.
08:21,285.
08:22,285.
08:23,285.
08:24,285.
08:25,285.
08:26,285.
08:27,285.
08:28,285.
08:29,285.
08:30,285.
08:31,285.
08:32,285.
08:33,285.
08:34,285.
08:35,285.
08:36,285.
08:37,285.
08:38,285.
08:39,285.
08:40,285.
08:41,285.
08:42,285.
08:43,285.
08:44,285.
08:45,285.
08:46,285.
08:47,285.
08:48,285.
08:49,285.
08:50,285.
08:51,285.
08:52,285.
08:53,285.
08:54,285.
08:55,285.
08:56,285.
08:57,285.
08:58,285.
08:59,285.
09:00,285.
09:01,285.
09:02,285.
09:03,285.
09:04,285.
09:05,285.
09:06,285.
09:07,285.
09:08,285.
09:09,285.
09:10,285.
09:11,285.
09:12,285.
09:13,285.
09:14,285.
09:15,285.
09:16,285.
09:17,285.
09:18,285.
09:19,285.
09:20,285.
09:21,285.
09:22,285.
09:23,285.
09:24,285.
09:25,285.
09:26,285.
09:27,285.
09:28,285.
09:29,285.
09:30,285.
09:31,285.
09:32,285.
09:33,285.
09:34,285.
09:35,285.
09:36,285.
09:37,285.
09:38,285.
09:39,285.
09:40,285.
09:41,285.
09:42,285.
09:43,285.
09:44,285.
09:45,285.
09:46,285.
09:47,285.
09:48,285.
09:49,285.
09:50,285.
09:51,285.
09:52,285.
09:53,285.
09:54,285.
09:55,285.
09:56,285.
09:57,285.
09:58,285.
09:59,285.
10:00,285.
10:01,285.
10:02,285.
10:03,285.
10:04,285.
10:05,285.
10:06,285.
10:07,285.
10:08,285.
10:09,285.
10:10,285.
10:11,285.
10:12,285.
10:13,285.
10:14,285.
10:15,285.
10:16,285.
10:17,285.
10:18,285.
10:19,285.
10:20,285.
10:21,285.
10:22,285.
10:23,285.
10:24,285.
10:25,285.
10:26,285.
10:27,285.
10:28,285.
10:29,285.
10:30,285.
10:31,285.
10:32,285.
10:33,285.
10:34,285.
10:35,285.
10:36,285.
10:37,285.
10:38,285.
10:39,285.
10:40,285.
10:41,285.
10:42,285.
10:43,285.
10:44,285.
10:45,285.
10:46,285.
10:47,285.
10:48,285.
10:49,285.
10:50,285.
10:51,285.
10:52,285.
10:53,285.
10:54,285.
10:55,285.
10:56,285.
10:57,285.
10:58,285.
10:59,285.
11:00,285.
11:01,285.
11:02,285.
11:03,285.
11:04,285.
11:05,285.
11:06,285.
11:07,285.
11:08,285.
11:09,285.
11:10,285.
11:11,285.
11:12,285.
11:13,285.
11:14,285.
11:15,285.
11:16,285.
11:17,285.
11:18,285.
11:19,285.
11:20,285.
11:21,285.
11:22,285.
11:23,285.
11:24,285.
11:25,285.
11:26,285.
11:27,285.
11:28,285.
11:29,285.
11:30,285.
11:31,285.
11:32,285.
11:33,285.
11:34,285.
11:35,285.
11:36,285.
11:37,285.
11:38,285.
11:39,285.
11:40,285.
11:41,285.
11:42,285.
11:43,285.
11:44,285.
11:45,285.
11:46,285.
11:47,285.
11:48,285.
11:49,285.
11:50,285.
11:51,285.
11:52,285.
11:53,285.
11:54,285.
11:55,285.
11:56,285.
11:57,285.
11:58,285.
11:59,285.
12:00,285.
12:01,285.
12:02,285.
12:03,285.
12:04,285.
12:05,285.
12:06,285.
12:07,285.
12:08,285.
12:09,285.
12:10,285.
12:11,285.
12:12,285.
12:13,285.
12:14,285.
12:15,285.
12:16,285.
12:17,285.
12:18,285.
12:19,285.
12:20,285.
12:21,285.
12:22,285.
12:23,285.
12:24,285.
12:25,285.
12:26,285.
12:27,285.
12:28,285.
12:29,285.
12:30,285.
12:31,285.
12:32,285.
12:33,285.
12:34,285.
12:35,285.
12:36,285.
12:37,285.
12:38,285.
12:39,285.
12:40,285.
12:41,285.
12:42,285.
12:43,285.
12:44,285.
12:45,285.
12:46,285.
12:47,285.
12:48,285.
12:49,285.
12:50,285.
12:51,285.
12:52,285.
12:53,285.
12:54,285.
12:55,285.
12:56,285.
12:57,285.
12:58,285.
12:59,285.
13:00,285.
13:01,285.
13:02,285.
13:03,285.
13:04,285.
13:05,285.
13:06,285.
13:07,285.
13:08,285.
13:09,285.
13:10,285.
13:11,285.
13:12,285.
13:13,285.
13:14,285.
13:15,285.
13:16,285.
13:17,285.
13:18,285.
13:19,285.
13:20,285.
13:21,285.
13:22,285.
13:23,285.
13:24,285.
13:25,285.
13:26,285.
13:27,285.
13:28,285.
13:29,285.
13:30,285.
13:31,285.
13:32,285.
13:33,285.
13:34,285.
13:35,285.
13:36,285.
13:37,285.
13:38,285.
13:39,285.
13:40,285.
13:41,285.
13:42,285.
13:43,285.
13:44,285.
13:45,285.
13:46,285.
13:47,285.
13:48,285.
13:49,285.
13:50,285.
13:51,285.
13:52,285.
13:53,285.
13:54,285.
13:55,285.
13:56,285.
13:57,285.
13:58,285.
13:59,285.
14:00,285.
14:01,285.
14:02,285.
14:03,285.
14:04,285.
14:05,285.
14:06,285.
14:07,285.
14:08,285.
14:09,285.
14:10,285.
14:11,285.
14:12,285.
14:13,285.
14:14,285.
14:15,285.
14:16,285.
14:17,285.
14:18,285.
14:19,285.
14:20,285.
14:21,285.
14:22,285.
14:23,285.
14:24,285.
14:25,285.
14:26,285.
14:27,285.
14:28,285.
14:29,285.
14:30,285.
14:31,285.
14:32,285.
14:33,285.
14:34,285.
14:35,285.
14:36,285.
14:37,285.
14:38,285.
14:39,285.
14:40,285.
14:41,285.
14:42,285.
14:43,285.
14:44,285.
14:45,285.
14:46,285.
14:47,285.
14:48,285.
14:49,285.
14:50,285.
14:51,285.
14:52,285.
14:53,285.
14:54,285.
14:55,285.
14:56,285.
14:57,285.
14:58,285.
14:59,285.
15:00,285.
15:01,285.
15:02,285.
15:03,285.
15:04,285.
15:05,285.
15:06,285.
15:07,285.
15:08,285.
15:09,285.
15:10,285.
15:11,285.
15:12,285.
15:13,285.
15:14,285.
15:15,285.
15:16,285.
15:17,285.
15:18,285.
15:19,285.
15:20,285.
15:21,285.
15:22,285.
15:23,285.
15:24,285.
15:25,285.
15:26,285.
15:27,285.
15:28,285.
15:29,285.
15:30,285.
15:31,285.
15:32,285.
15:33,285.
15:34,285.
15:35,285.
15:36,285.
15:37,285.
15:38,285.
15:39,285.
15:40,285.
15:41,285.
15:42,285.
15:43,285.
15:44,285.
15:45,285.
15:46,285.
15:47,285.
15:48,285.
15:49,285.
15:50,285.
15:51,285.
15:52,285.
15:53,285.
15:54,285.
15:55,285.
15:56,285.
15:57,285.
15:58,285.
15:59,285.
16:00,285.
16:01,285.
16:02,285.
16:03,285.
16:04,285.
16:05,285.
16:06,285.
16:07,285.
16:08,285.
16:09,285.
16:10,285.
16:11,285.
16:12,285.
16:13,285.
16:14,285.
16:15,285.
16:16,285.
16:17,285.
16:18,285.
16:19,285.
16:20,285.
16:21,285.
16:22,285.
16:23,285.
16:24,285.
16:25,285.
16:26,285.
16:27,285.
16:28,285.
16:29,285.
16:30,285.
16:31,285.
16:32,285.
16:33,285.
16:34,285.
16:35,285.
16:36,285.
16:37,285.
16:38,285.
16:39,285.
16:40,285.
16:41,285.
16:42,285.
16:43,285.
16:44,285.
16:45,285.
16:46,285.
16:47,285.
16:48,285.
16:49,285.
16:50,285.
16:51,285.
16:52,285.
16:53,285.
16:54,285.
16:55,285.
16:56,285.
16:57,285.
16:58,285.
16:59,285.
17:00,285.
17:01,285.
17:02,285.
17:03,285.
17:04,285.
17:05,285.
17:06,285.
17:07,285.
17:08,285.
17:09,285.
17:10,285.
17:11,285.
17:12,285.
17:13,285.
17:14,285.
17:15,285.
17:16,285.
17:17,285.
17:18,285.
17:19,285.
17:20,285.
17:21,285.
17:22,285.
17:23,285.
17:24,285.
17:25,285.
17:26,285.
17:27,285.
17:28,285.
17:29,285.
17:30,285.
17:31,285.
17:32,285.
17:33,285.
17:34,285.
17:35,285.
17:36,285.
17:37,285.
17:38,285.
17:39,285.
17:40,285.
17:41,285.
17:42,285.
17:43,285.
17:44,285.
17:45,285.
17:46,285.
17:47,285.
17:48,285.
17:49,285.
17:50,285.
17:51,285.
17:52,285.
17:53,285.
17:54,285.
17:55,285.
17:56,285.
17:57,285.
17:58,285.
17:59,285.
18:00,285.
18:01,285.
18:02,285.
18:03,285.
18:04,285.
18:05,285.
18:06,285.
18:07,285.
18:08,285.
18:09,285.
18:10,285.
18:11,285.
18:12,285.
18:13,285.
18:14,285.
18:15,285.
18:16,285.
18:17,285.
18:18,285.
18:19,285.
18:20,285.
18:21,285.
18:22,285.
18:23,285.
18:24,285.
18:25,285.
18:26,285.
18:27,285.
18:28,285.
18:29,285.
18:30,285.
18:31,285.
18:32,285.
18:33,285.
18:34,285.
18:35,285.
18:36,285.
18:37,285.
18:38,285.
18:39,285.
18:40,285.
18:41,285.
18:42,285.
18:43,285.
18:44,285.
18:45,285.
18:46,285.
18:47,285.
18:48,285.
18:49,285.
18:50,285.
18:51,285.
18:52,285.
18:53,285.
18:54,285.
18:55,285.
18:56,285.
18:57,285.
18:58,285.
18:59,285.
19:00,285.
19:01,285.
19:02,285.
19:03,285.
19:04,285.
19:05,285.
19:06,285.
19:07,285.
19:08,285.
19:09,285.
19:10,285.
19:11,285.
19:12,285.
19:13,285.
19:14,285.
19:15,285.
19:16,285.
19:17,285.
19:18,285.
19:19,285.
19:20,285.
19:21,285.
19:22,285.
19:23,285.
19:24,285.
19:25,285.
19:26,285.
19:27,285.
19:28,285.
19:29,285.
19:30,285.
19:31,285.
19:32,285.
19:33,285.
19:34,285.
19:35,285.
19:36,285.
19:37,285.
19:38,285.
19:39,285.
19:40,285.
19:41,285.
19:42,285.
19:43,285.
19:44,285.
19:45,285.
19:46,285.
19:47,285.
19:48,285.
19:49,285.
23:59,279.
